﻿<?xml version="1.0" encoding="utf-8"?>
<ArrayOfCustomFolderSettings xmlns:xsi="http://www.w3.org/2001/XMLSchema-instance" xmlns:xsd="http://www.w3.org/2001/XMLSchema">
  <CustomFolderSettings FolderID="ExampleZIP_files">
    <FolderEnabled>true</FolderEnabled>
    <FolderDescription>
      Files in format KML corresponding to the example project
    </FolderDescription>
    <FolderFilter>*.txt</FolderFilter>
    <FolderPath>E:\\FolderToWatch\\</FolderPath>
    <FolderIncludeSub>false</FolderIncludeSub>
    <ExecutableFile>CMD.EXE</ExecutableFile>
    <!-- The block {0} will be automatically replaced with the
      corresponding file name -->
    <ExecutableArguments>
      /C echo It works properly for .ZIP extension-- File {0}
      &gt; C:\\it_works_KML.txt
    </ExecutableArguments>
  </CustomFolderSettings>
</ArrayOfCustomFolderSettings>
